Row, Object Name , RA (J2000) , Dec (J2000) , Galactic Extinction SDSS-u (Schlafly etal. 2011) [mag] , Galactic Extinction SDSS-g (Schlafly etal. 2011) [mag] , Galactic Extinction SDSS-r (Schlafly etal. 2011) [mag] , Galactic Extinction SDSS-i (Schlafly etal. 2011) [mag] , Galactic Extinction SDSS-z (Schlafly etal. 2011) [mag] , Object type , cz (km/s) , Redshift , Redshift uncertainty  , Redshift quality flat , quick look magnitude , Major Diam (arcmin) , Minor Diam (arcmin) , Morph./Description , Dist. Mod. Mean (mag) , Metric Dist. Mean (kpc) ,Row
1  ,SN 1983K                      ,12h49m12.23s,-08d37m41.5s,              0.145,              0.113,              0.078,              0.058,              0.043,SN    ,      ,          ,           ,    ,      ,          ,          ,IIB-P               ,            ,            ,1  
2  ,SN 1997dn                     ,10h54m18.95s,+27d14m07.3s,              0.092,              0.072,              0.050,              0.037,              0.027,SN    ,      ,          ,           ,    ,      ,          ,          ,II                  ,            ,            ,2  
3  ,SDSS J105418.87+271401.5      ,10h54m18.87s,+27d14m01.6s,              0.092,              0.072,              0.050,              0.037,              0.028,*     ,      ,          ,           ,    , 22.3g,          ,          ,Point Src [SDSS]    ,            ,            ,3  
4  ,                              ,            ,            ,                   ,                   ,                   ,                   ,                   ,      ,      ,          ,           ,    ,      ,          ,          ,                    ,            ,            ,4  
5  ,SN 2011jm                     ,12h54m51.10s,+02d39m14.9s,              0.145,              0.113,              0.078,              0.058,              0.043,SN    ,      ,          ,           ,    ,      ,          ,          ,Ic                  ,            ,            ,5  
6  ,NGC 4809                      ,12h54m51.06s,+02d39m14.7s,              0.145,              0.113,              0.078,              0.058,              0.043,G     ,   915,  0.003052,   0.000020,    , 14.3B,       1.7,       0.7,Im pec         HII  ,       31.73,       22.20,6  
7  ,SDSS J125451.21+023915.8      ,12h54m51.22s,+02d39m15.8s,              0.145,              0.113,              0.078,              0.058,              0.043,G     ,      ,          ,           ,    , 19.1g,      0.07,      0.07,Extended Src [SDSS] ,            ,            ,7  
8  ,SDSS J125451.57+023917.3      ,12h54m51.57s,+02d39m17.3s,              0.145,              0.113,              0.078,              0.058,              0.043,G     ,      ,          ,           ,    , 15.0g,      1.80,      0.41,Extended Src [SDSS] ,            ,            ,8  
9  ,IC 3476                       ,12h32m41.88s,+14d03m01.6s,              0.152,              0.118,              0.082,              0.061,              0.045,G     ,  -169, -0.000564,   0.000017,    , 13.19,       2.1,       1.8,IB(s)m:        HII  ,       30.58,       13.14,9  
10 ,GALEXASC J123241.65+140256.6  ,12h32m41.65s,+14d02m56.6s,              0.152,              0.118,              0.082,              0.061,              0.045,UvS   ,      ,          ,           ,    ,      ,          ,          ,                    ,            ,            ,10 
11 ,SN 1990Q                      ,15h21m33.23s,-07d22m26.5s,              0.409,              0.319,              0.221,              0.164,              0.122,SN    ,      ,          ,           ,    ,      ,          ,          ,II-p                ,            ,            ,11 
12 ,NGC 6744 GROUP                ,19h09m46.10s,-63d51m27.0s,              0.182,              0.142,              0.098,              0.073,              0.054,GGroup,      ,          ,           ,    ,      ,          ,          ,                    ,            ,            ,12 
13 ,NGC 6744                      ,19h09m46.10s,-63d51m27.1s,              0.182,              0.142,              0.098,              0.073,              0.054,G     ,   841,  0.002805,   0.000007,    ,  9.14,      20.0,      12.9,SAB(r)bc       LINER,       29.61,        8.54,13 
14 ,[KWP2004] S1A                 ,19h35m03.31s,-52d50m44.8s,              0.248,              0.193,              0.134,              0.099,              0.074,XrayS ,      ,          ,           ,    ,      ,          ,          ,                    ,            ,            ,14 
15 ,SN 1998bw                     ,19h35m03.31s,-52d50m44.6s,              0.248,              0.193,              0.134,              0.099,              0.074,SN    ,      ,          ,           ,    ,      ,          ,          ,Ic or Ib/c          ,            ,            ,15 
16 ,[KWP2004] S1B                 ,19h35m03.23s,-52d50m43.4s,              0.248,              0.193,              0.134,              0.099,              0.074,XrayS ,      ,          ,           ,    ,      ,          ,          ,                    ,            ,            ,16 
17 ,SN 2012ho                     ,22h40m17.02s,-02d25m34.1s,              0.222,              0.173,              0.120,              0.089,              0.066,SN    ,      ,          ,           ,    ,      ,          ,          ,II-P                ,            ,            ,17 
18 ,GALEXASC J224017.07-022528.8  ,22h40m17.07s,-02d25m28.9s,              0.222,              0.173,              0.120,              0.089,              0.066,UvS   ,      ,          ,           ,    ,      ,          ,          ,                    ,            ,            ,18 
19 ,ESO 113- G 018                ,01h09m39.08s,-61d19m59.7s,              0.089,              0.069,              0.048,              0.036,              0.027,G     ,  7891,  0.026321,   0.000107,    , 15.17,      1.24,      0.31,S0-a                ,       34.44,       77.20,19 
20 ,SN 2009bb                     ,10h31m33.87s,-39d57m30.0s,              0.417,              0.325,              0.225,              0.167,              0.124,SN    ,      ,          ,           ,    ,      ,          ,          ,Ibc                 ,            ,            ,20 
21 ,SN 2006my                     ,12h43m40.74s,+16d23m14.1s,              0.113,              0.088,              0.061,              0.045,              0.034,SN    ,      ,          ,           ,    ,      ,          ,          ,II                  ,       30.44,       12.20,21 
22 ,SN 1999br                     ,13h00m41.80s,+02d29m45.8s,              0.100,              0.078,              0.054,              0.040,              0.030,SN    ,      ,          ,           ,    ,      ,          ,          ,IIPec               ,       32.04,       26.06,22 
23 ,SN 2001X                      ,15h21m55.45s,+05d03m42.1s,              0.169,              0.132,              0.091,              0.068,              0.050,SN    ,      ,          ,           ,    ,      ,          ,          ,II                  ,       31.80,       22.90,23 
24 ,                              ,            ,            ,                   ,                   ,                   ,                   ,                   ,      ,      ,          ,           ,    ,      ,          ,          ,                    ,            ,            ,24 
25 ,IC 5201                       ,22h20m57.44s,-46d02m09.1s,              0.051,              0.040,              0.028,              0.020,              0.015,G     ,   915,  0.003052,   0.000007,    ,  11.3,       8.5,       3.9,SB(s)cd        Sy2  ,       30.34,       12.49,25 
26 ,                              ,            ,            ,                   ,                   ,                   ,                   ,                   ,      ,      ,          ,           ,    ,      ,          ,          ,                    ,            ,            ,26 
27 ,NGC 3512                      ,11h04m02.94s,+28d02m12.5s,              0.119,              0.093,              0.064,              0.048,              0.035,G     ,  1376,  0.004590,   0.000017,    , 12.98,       1.6,       1.5,SAB(rs)c       LINER,       31.99,       25.00,27 
28 ,GALEXASC J110402.71+280214.5  ,11h04m02.71s,+28d02m14.6s,              0.119,              0.093,              0.064,              0.048,              0.035,UvS   ,      ,          ,           ,    ,      ,          ,          ,                    ,            ,            ,28 
29 ,NGC 4451                      ,12h28m40.55s,+09d15m31.7s,              0.080,              0.062,              0.043,              0.032,              0.024,G     ,   864,  0.002882,   0.000023,    , 13.29,       1.5,       1.0,Sbc:           HII  ,       32.05,       26.07,29 
30 ,GALEXASC J122840.50+091533.8  ,12h28m40.50s,+09d15m33.9s,              0.080,              0.062,              0.043,              0.032,              0.024,UvS   ,      ,          ,           ,    ,      ,          ,          ,                    ,            ,            ,30 
31 ,SDSS J122840.63+091537.6      ,12h28m40.64s,+09d15m37.7s,              0.080,              0.062,              0.043,              0.032,              0.024,*     ,>30000,  0.335000,           ,PHOT, 20.5g,          ,          ,Rejected QSO cand.  ,            ,            ,31 
32 ,SN 1985G                      ,12h28m40.64s,+09d15m38.0s,              0.080,              0.062,              0.043,              0.032,              0.024,SN    ,      ,          ,           ,    ,      ,          ,          ,IIP                 ,            ,            ,32 
33 ,SN 2011fh                     ,12h56m14.01s,-29d29m54.8s,              0.366,              0.285,              0.197,              0.147,              0.109,SN    ,      ,          ,           ,    ,      ,          ,          ,                    ,            ,            ,33 
34 ,SN 2010F                      ,10h05m21.05s,-34d13m21.0s,              0.462,              0.360,              0.249,              0.185,              0.138,SN    ,      ,          ,           ,    ,      ,          ,          ,II                  ,            ,            ,34 
35 ,SN 2009N                      ,12h31m09.46s,-08d02m56.3s,              0.089,              0.069,              0.048,              0.035,              0.026,SN    ,      ,          ,           ,    ,      ,          ,          ,II                  ,       31.71,       21.97,35 
36 ,NGC 4487:[BKB2006] 0103       ,12h31m09.44s,-08d02m53.6s,              0.089,              0.069,              0.048,              0.035,              0.026,HII   ,      ,          ,           ,    ,      ,          ,          ,                    ,            ,            ,36 
37 ,NGC 4487:[BKB2006] 0042       ,12h31m09.73s,-08d02m55.6s,              0.088,              0.069,              0.048,              0.035,              0.026,HII   ,      ,          ,           ,    ,      ,          ,          ,                    ,            ,            ,37 
38 ,NGC 4487:[BKB2006] 0088       ,12h31m09.36s,-08d03m00.9s,              0.089,              0.069,              0.048,              0.035,              0.026,HII   ,      ,          ,           ,    ,      ,          ,          ,                    ,            ,            ,38 
39 ,NGC 4487:[BKB2006] 0139       ,12h31m09.99s,-08d02m58.2s,              0.088,              0.069,              0.048,              0.035,              0.026,HII   ,      ,          ,           ,    ,      ,          ,          ,                    ,            ,            ,39 
40 ,NGC 4487:[BKB2006] 0106       ,12h31m08.84s,-08d02m56.8s,              0.089,              0.069,              0.048,              0.036,              0.026,HII   ,      ,          ,           ,    ,      ,          ,          ,                    ,            ,            ,40 
41 ,SN 1988E                      ,12h53m28.85s,+02d10m22.6s,              0.114,              0.089,              0.062,              0.046,              0.034,SN    ,      ,          ,           ,    ,      ,          ,          ,Ipec                ,            ,            ,41 
42 ,SDSS J125328.31+021023.4      ,12h53m28.31s,+02d10m23.5s,              0.114,              0.089,              0.062,              0.046,              0.034,PofG  ,   977,  0.003259,   0.000084,    ,      ,          ,          ,                    ,            ,            ,42 
43 ,SN 2000cl                     ,10h37m16.07s,-41d37m47.8s,              0.328,              0.256,              0.177,              0.131,              0.098,SN    ,      ,          ,           ,    ,      ,          ,          ,IIn                 ,            ,            ,43 
44 ,SN 1997X                      ,12h48m14.28s,-03d19m58.5s,              0.117,              0.091,              0.063,              0.047,              0.035,SN    ,      ,          ,           ,    ,      ,          ,          ,Ic                  ,            ,            ,44 
45 ,CXO J124813.9-032000          ,12h48m13.95s,-03d20m00.2s,              0.117,              0.091,              0.063,              0.047,              0.035,XrayS ,      ,          ,           ,    ,      ,          ,          ,                    ,            ,            ,45 
46 ,2MASXi J1248139-031950        ,12h48m13.92s,-03d19m51.5s,              0.117,              0.091,              0.063,              0.047,              0.035,G     ,      ,          ,           ,    ,      ,      2.49,      1.25,                    ,            ,            ,46 
47 ,NGC 4691                      ,12h48m13.63s,-03d19m57.8s,              0.117,              0.091,              0.063,              0.047,              0.035,G     ,  1110,  0.003703,   0.000023,    , 12.0g,      2.52,      1.46,(R)SB(s)0/a pecHII  ,       31.76,       22.50,47 
48 ,SN 2000P                      ,13h07m10.53s,-28d14m02.5s,              0.323,              0.252,              0.174,              0.130,              0.096,SN    ,      ,          ,           ,    ,      ,          ,          ,II                  ,            ,            ,48 
49 ,UGC 12158                     ,22h42m10.51s,+19d59m49.1s,              0.233,              0.182,              0.126,              0.094,              0.070,G     ,  9289,  0.030985,   0.000017,    , 14.75,       1.2,       1.1,Sb                  ,       35.40,      117.86,49 
50 ,UGC 11816                     ,21h49m07.29s,+00d26m50.4s,              0.584,              0.455,              0.315,              0.234,              0.174,G     ,  4733,  0.015786,   0.000022,    , 14.9g,      0.96,      0.92,SB(rs)c:            ,       34.00,       62.59,50 
51 ,GALEXASC J214907.39+002655.3  ,21h49m07.40s,+00d26m55.3s,              0.583,              0.454,              0.314,              0.233,              0.174,UvS   ,      ,          ,           ,    ,      ,          ,          ,                    ,            ,            ,51 
52 ,ARK 174                       ,08h38m23.85s,+17d37m52.8s,              0.131,              0.102,              0.071,              0.052,              0.039,G     ,  8222,  0.027425,   0.000168,    , 14.8g,      0.74,      0.64,S0?                 ,       35.71,      140.78,52 
53 ,2MASX J14564322+0919361       ,14h56m43.21s,+09d19m36.4s,              0.169,              0.132,              0.091,              0.068,              0.050,G     , 23883,  0.079665,           ,    , 18.05,      0.28,      0.22,                    ,       37.60,      312.33,53 
54 ,MSPM 05121                    ,14h56m43.22s,+09d19m36.5s,              0.169,              0.132,              0.091,              0.068,              0.050,GClstr, 24154,  0.080570,           ,    ,      ,          ,          ,                    ,            ,            ,54 
55 ,SN 2005ag                     ,14h56m43.65s,+09d19m42.5s,              0.169,              0.132,              0.091,              0.068,              0.050,SN    ,      ,          ,           ,    ,      ,          ,          ,Ia                  ,       37.61,      310.75,55 
56 ,SDSS J145931.51+164011.0      ,14h59m31.52s,+16d40m11.0s,              0.145,              0.113,              0.078,              0.058,              0.043,*     ,      ,          ,           ,    , 24.4g,          ,          ,Point Src [SDSS]    ,            ,            ,56 
57 ,SN 2005bg                     ,12h17m17.18s,+16d22m17.6s,              0.136,              0.106,              0.073,              0.055,              0.041,SN    ,      ,          ,           ,    ,      ,          ,          ,Ia                  ,       35.06,      100.35,57 
58 ,KUG 1214+166                  ,12h17m17.23s,+16d22m17.4s,              0.136,              0.106,              0.073,              0.055,              0.041,G     ,  6921,  0.023086,   0.000133,    ,  15.2,       0.7,       0.7,S: ab               ,       35.05,      100.44,58 
59 ,SDSS J030110.70-003307.1      ,03h01m10.71s,-00d33m07.1s,              0.514,              0.401,              0.277,              0.206,              0.153,G     ,      ,          ,           ,    , 22.5g,      0.05,      0.03,Extended Src [SDSS] ,            ,            ,59 
60 ,SN 2005hc                     ,01h56m47.94s,-00d12m49.2s,              0.139,              0.108,              0.075,              0.056,              0.041,SN    ,      ,          ,           ,    ,      ,          ,          ,Ia                  ,       36.56,      198.86,60 
61 ,MCG +00-06-003                ,01h56m48.50s,-00d12m45.3s,              0.138,              0.108,              0.075,              0.055,              0.041,G     , 13772,  0.045940,   0.000170,    , 16.74,      0.61,      0.32,                    ,       36.56,      198.64,61 
62 ,SN 2005hj                     ,01h26m48.27s,-01d14m16.8s,              0.164,              0.128,              0.089,              0.066,              0.049,SN    ,      ,          ,           ,    ,      ,          ,          ,Ia                  ,       37.07,      253.53,62 
63 ,SDSS J012648.45-011417.3      ,01h26m48.46s,-01d14m17.3s,              0.164,              0.128,              0.089,              0.066,              0.049,G     , 17088,  0.057000,           ,    , 18.9g,      0.18,      0.08,                    ,       37.07,      253.53,63 
64 ,                              ,            ,            ,                   ,                   ,                   ,                   ,                   ,      ,      ,          ,           ,    ,      ,          ,          ,                    ,            ,            ,64 
65 ,SDSS J225942.03-000044.3      ,22h59m42.03s,-00d00m44.3s,              0.228,              0.177,              0.123,              0.091,              0.068,G     ,      ,          ,           ,    , 20.1g,      0.12,      0.07,Extended Src [SDSS] ,            ,            ,65 
66 ,GALEXASC J225942.51-000047.6  ,22h59m42.52s,-00d00m47.7s,              0.228,              0.178,              0.123,              0.091,              0.068,UvS   ,      ,          ,           ,    ,      ,          ,          ,                    ,            ,            ,66 
67 ,SN 2005ku                     ,22h59m42.61s,-00d00m49.3s,              0.228,              0.178,              0.123,              0.091,              0.068,SN    ,      ,          ,           ,    ,      ,          ,          ,Ia                  ,       36.21,      169.40,67 
68 ,2MASX J22594265-0000478       ,22h59m42.66s,-00d00m48.8s,              0.228,              0.178,              0.123,              0.091,              0.068,G     , 13622,  0.045439,   0.000079,    , 16.7g,      0.13,      0.07,                    ,       36.21,      170.83,68 
69 ,GALEXASC J023604.16-171549.0  ,02h36m04.16s,-17d15m49.1s,              0.108,              0.084,              0.058,              0.043,              0.032,UvS   ,      ,          ,           ,    ,      ,          ,          ,                    ,            ,            ,69 
70 ,2MASXi J0236042-171549        ,02h36m04.23s,-17d15m49.5s,              0.108,              0.084,              0.058,              0.043,              0.032,IrS   ,      ,          ,           ,    ,      ,          ,          ,2MASS Extended Ver.2,            ,            ,70 
71 ,SN 2005lu                     ,02h36m03.71s,-17d15m50.0s,              0.108,              0.084,              0.058,              0.043,              0.032,SN    ,      ,          ,           ,    ,      ,          ,          ,Ia                  ,       35.83,      143.20,71 
72 ,ESO 545- G 038                ,02h36m03.63s,-17d15m46.6s,              0.108,              0.084,              0.058,              0.043,              0.032,G     ,  9596,  0.032009,   0.000037,    , 14.98,       1.2,       1.0,S.../Irr?           ,       35.85,      144.67,72 
73 ,SDSS J093732.95+231212.5      ,09h37m32.96s,+23d12m12.6s,              0.133,              0.104,              0.072,              0.053,              0.040,*     ,      ,          ,           ,    , 21.1g,          ,          ,Point Src [SDSS]    ,            ,            ,73 
74 ,SDSS J093732.97+231209.2      ,09h37m32.98s,+23d12m09.2s,              0.133,              0.104,              0.072,              0.053,              0.040,G     ,      ,          ,           ,    , 19.1g,      0.07,      0.07,Extended Src [SDSS] ,            ,            ,74 
75 ,2MASX J09373277+2312121       ,09h37m32.78s,+23d12m12.0s,              0.133,              0.104,              0.072,              0.053,              0.040,G     ,      ,          ,           ,    ,      ,          ,          ,                    ,            ,            ,75 
76 ,SDSS J093732.77+231212.2      ,09h37m32.77s,+23d12m12.3s,              0.133,              0.104,              0.072,              0.053,              0.040,G     ,      ,          ,           ,    , 14.9g,      0.81,      0.43,Extended Src [SDSS] ,            ,            ,76 
77 ,GALEXASC J093732.69+231214.6  ,09h37m32.69s,+23d12m14.7s,              0.133,              0.104,              0.072,              0.053,              0.040,UvS   ,      ,          ,           ,    ,      ,          ,          ,                    ,            ,            ,77 
78 ,NGC 2930                      ,09h37m32.60s,+23d12m09.0s,              0.133,              0.103,              0.072,              0.053,              0.040,G     ,  7382,  0.024624,   0.000047,    , 15.10,       0.7,       0.4,S?                  ,       34.83,       94.99,78 
79 ,SDSS J093732.40+231211.2      ,09h37m32.41s,+23d12m11.3s,              0.133,              0.103,              0.072,              0.053,              0.040,G     ,  7387,  0.024639,   0.000087,    , 18.4g,      0.10,      0.08,Extended Src [SDSS] ,            ,            ,79 
80 ,HOLM 134                      ,09h37m33.40s,+23d12m05.0s,              0.133,              0.104,              0.072,              0.053,              0.040,GTrpl ,      ,          ,           ,    ,      ,          ,          ,                    ,            ,            ,80 
81 ,UGC 03634                     ,07h01m36.76s,+14d08m06.9s,              0.330,              0.257,              0.178,              0.132,              0.098,G     ,  7891,  0.026322,   0.000083,    ,  15.5,       1.0,       0.9,SB(r)a              ,       35.20,      107.61,81 
82 ,SN 2006br                     ,13h30m01.80s,+13d24m56.8s,              0.104,              0.081,              0.056,              0.042,              0.031,SN    ,      ,          ,           ,    ,      ,          ,          ,Ia                  ,       35.32,      113.85,82 
83 ,NGC 5185                      ,13h30m02.25s,+13d24m57.8s,              0.104,              0.081,              0.056,              0.042,              0.031,G     ,  7372,  0.024590,   0.000012,    , 14.3g,      0.88,      0.68,Sb                  ,       35.30,      114.99,83 
84 ,CGCG 108-013                  ,15h56m33.68s,+20d03m08.5s,              0.213,              0.166,              0.115,              0.085,              0.063,G     ,  9640,  0.032156,   0.000233,    , 14.73,       0.9,       0.7,SA0/a               ,       35.91,      150.10,84 
85 ,MRK 1337                      ,12h52m34.71s,-09d46m36.1s,              0.194,              0.151,              0.104,              0.078,              0.058,G     ,  2556,  0.008526,   0.000017,    ,  15.0,       1.2,       0.8,SAB(s)ab pec?  HII  ,       32.73,       35.20,85 
86 ,NGC 0809                      ,02h04m18.97s,-08d44m07.1s,              0.101,              0.079,              0.055,              0.041,              0.030,G     ,  5367,  0.017902,   0.000060,    , 14.1g,      1.14,      0.92,(R)S0+:             ,       34.46,       77.55,86 
87 ,NGC 0191A                     ,00h39m00.24s,-09d00m52.5s,              0.149,              0.116,              0.080,              0.060,              0.044,G     ,  6131,  0.020452,   0.000096,    , 14.9g,      0.83,      0.43,S0 pec sp           ,       34.77,       88.85,87 
88 ,SN 2006ej                     ,00h38m59.77s,-09d00m56.6s,              0.149,              0.116,              0.080,              0.060,              0.044,SN    ,      ,          ,           ,    ,      ,          ,          ,Ia                  ,       34.78,       89.32,88 
89 ,SN 2006eq                     ,21h28m37.13s,+01d13m41.2s,              0.203,              0.158,              0.110,              0.081,              0.061,SN    ,      ,          ,           ,    ,      ,          ,          ,Ia                  ,       36.64,      205.60,89 
90 ,                              ,            ,            ,                   ,                   ,                   ,                   ,                   ,      ,      ,          ,           ,    ,      ,          ,          ,                    ,            ,            ,90 
91 ,GALEXASC J014710.29-000848.3  ,01h47m10.33s,-00d08m48.7s,              0.139,              0.108,              0.075,              0.056,              0.041,G     , 25033,  0.083500,   0.000500,    , 19.77,      0.12,      0.11,                    ,       37.87,      360.00,91 
92 ,SDSS J014710.33-000848.7      ,01h47m10.33s,-00d08m48.8s,              0.139,              0.108,              0.075,              0.056,              0.041,G     ,      ,          ,           ,    , 19.0g,      0.12,      0.10,Extended Src [SDSS] ,            ,            ,92 
93 ,SN 2006fw                     ,01h47m10.34s,-00d08m49.2s,              0.139,              0.108,              0.075,              0.056,              0.041,SN    ,      ,          ,           ,    ,      ,          ,          ,Ia                  ,       37.87,      360.00,93 
94 ,2MASX J00561810-0137327       ,00h56m18.09s,-01d37m33.0s,              0.157,              0.123,              0.085,              0.063,              0.047,G     , 13422,  0.044771,   0.000060,    , 17.93,      0.31,      0.22,                    ,       36.51,      194.75,94 
95 ,2MASX J01135716+0022171       ,01h13m57.18s,+00d22m17.1s,              0.127,              0.099,              0.069,              0.051,              0.038,G     , 13639,  0.045494,   0.000084,    , 16.5g,      0.34,      0.22,S0                  ,       36.37,      185.75,95 
96 ,SN 2006hx                     ,01h13m57.31s,+00d22m18.0s,              0.127,              0.099,              0.069,              0.051,              0.038,SN    ,      ,          ,           ,    ,      ,          ,          ,Ia                  ,       36.37,      185.75,96 
97 ,SN 2006is                     ,05h17m34.37s,-23d46m54.2s,              0.143,              0.111,              0.077,              0.057,              0.043,SN    ,      ,          ,           ,    ,      ,          ,          ,Ia                  ,       35.42,      120.64,97 
98 ,2MASX J09151727-2536001       ,09h15m17.27s,-25d36m00.3s,              0.489,              0.381,              0.264,              0.196,              0.146,G     ,      ,          ,           ,    ,      ,          ,          ,                    ,       36.34,      176.50,98 
99 ,SN 2006lu                     ,09h15m17.63s,-25d36m00.3s,              0.489,              0.381,              0.264,              0.196,              0.146,SN    ,      ,          ,           ,    ,      ,          ,          ,Ia                  ,       36.34,      176.50,99 
100,SN 2006ob                     ,01h51m48.11s,+00d15m48.3s,              0.140,              0.109,              0.076,              0.056,              0.042,SN    ,      ,          ,           ,    ,      ,          ,          ,Ia                  ,       37.12,      253.64,100
101,GALEXASC J015148.28+001552.7  ,01h51m48.28s,+00d15m52.7s,              0.140,              0.109,              0.076,              0.056,              0.042,UvS   ,      ,          ,           ,    ,      ,          ,          ,                    ,            ,            ,101
102,UGC 01333                     ,01h51m48.51s,+00d15m49.8s,              0.140,              0.109,              0.076,              0.056,              0.042,G     , 17759,  0.059239,   0.000114,    , 15.1g,      0.80,      0.66,Sb:                 ,       37.10,      252.58,102
103,UGC 02384                     ,02h55m00.57s,+16d00m44.7s,              0.620,              0.483,              0.334,              0.249,              0.185,G     ,  9836,  0.032809,   0.000127,    ,  15.1,       1.0,       0.4,S                   ,       35.52,      124.61,103
104,SN 2006os                     ,02h55m01.01s,+16d00m34.8s,              0.618,              0.482,              0.333,              0.248,              0.184,SN    ,      ,          ,           ,    ,      ,          ,          ,Ia                  ,       35.53,      124.69,104
105,ESO 544- G 031                ,02h15m04.60s,-20d46m03.7s,              0.075,              0.058,              0.040,              0.030,              0.022,G     , 15919,  0.053100,   0.000150,    , 15.43,       1.1,        .4,Sa                  ,       36.58,      200.80,105
106,SN 2006ot                     ,02h15m04.84s,-20d45m58.2s,              0.075,              0.058,              0.040,              0.030,              0.022,SN    ,      ,          ,           ,    ,      ,          ,          ,Ia                  ,       36.54,      193.33,106
107,SN 2006py                     ,22h41m42.05s,-00d08m12.9s,              0.255,              0.199,              0.137,              0.102,              0.076,SN    ,      ,          ,           ,    ,      ,          ,          ,Ia                  ,       36.89,      226.33,107
108,SDSS J224142.04-000812.9      ,22h41m42.05s,-00d08m13.0s,              0.255,              0.199,              0.137,              0.102,              0.076,G     , 17358,  0.057900,   0.000177,    , 18.5g,      0.18,      0.10,                    ,       36.89,      226.33,108
109,2MASX J09591870-1928233       ,09h59m18.72s,-19d28m23.3s,              0.178,              0.139,              0.096,              0.071,              0.053,G     ,  3650,  0.012175,   0.000150,    ,  14.9,          ,          ,                    ,       34.25,       69.85,109
110,SN 2007al                     ,09h59m18.48s,-19d28m25.8s,              0.178,              0.139,              0.096,              0.071,              0.053,SN    ,      ,          ,           ,    ,      ,          ,          ,Ia                  ,       34.25,       69.85,110
111,ESO 018- G 018                ,09h27m40.44s,-80d10m47.8s,              0.604,              0.470,              0.325,              0.242,              0.180,G     ,  5268,  0.017572,   0.000460,    , 14.8B,       1.0,        .9,SB(rs)c             ,       34.40,       75.17,111
112,UGC 09798                     ,15h16m41.82s,+07d23m48.9s,              0.156,              0.122,              0.084,              0.063,              0.047,G     , 11546,  0.038513,   0.000093,    , 15.03,       1.0,       0.5,S0/a                ,       35.92,      149.00,112
113,SN 2007ba                     ,15h16m42.63s,+07d23m47.8s,              0.156,              0.121,              0.084,              0.062,              0.046,SN    ,      ,          ,           ,    ,      ,          ,          ,Ia                  ,       35.77,      135.67,113
114,UGC 06332                     ,11h19m16.62s,+20d48m48.8s,              0.092,              0.072,              0.050,              0.037,              0.028,G     ,  6227,  0.020770,   0.000113,    , 14.13,       1.2,       1.1,(R)SBa              ,       34.82,       90.97,114
115,SN 2007cg                     ,13h25m33.58s,-24d39m08.1s,              0.347,              0.271,              0.187,              0.139,              0.104,SN    ,      ,          ,           ,    ,      ,          ,          ,Ia                  ,       35.54,      125.00,115
116,ESO 508- G 075                ,13h25m33.37s,-24d39m08.6s,              0.347,              0.270,              0.187,              0.139,              0.103,G     ,  9952,  0.033196,   0.000033,    , 15.96,       1.1,        .3,S              HII  ,       35.59,      129.50,116
117,NGC 7461                      ,23h01m48.33s,+15d34m56.9s,              0.375,              0.292,              0.202,              0.150,              0.112,G     ,  4231,  0.014113,   0.000127,    , 14.32,       0.9,       0.7,SB0                 ,       33.59,       50.90,117
118,SN 2007hx                     ,02h06m27.08s,-00d53m58.3s,              0.149,              0.116,              0.080,              0.060,              0.044,SN    ,      ,          ,           ,    ,      ,          ,          ,Ia                  ,       38.02,      391.67,118
119,SDSS J020627.25-005357.8      ,02h06m27.26s,-00d53m57.8s,              0.149,              0.116,              0.080,              0.060,              0.044,*     ,      ,          ,           ,    , 22.5g,          ,          ,Point Src [SDSS]    ,            ,            ,119
120,SDSS J020626.74-005400.4      ,02h06m26.75s,-00d54m00.4s,              0.148,              0.116,              0.080,              0.059,              0.044,G     , 23983,  0.080000,           ,    , 21.6g,      0.05,      0.04,Extended Src [SDSS] ,       38.02,      391.67,120
121,GALEXMSC J010545.98-004530.2  ,01h05m45.98s,-00d45m30.2s,              0.154,              0.120,              0.083,              0.062,              0.046,UvS   ,      ,          ,           ,    ,      ,          ,          ,                    ,            ,            ,121
122,SDSSCGB 00260                 ,01h05m46.10s,-00d45m33.8s,              0.155,              0.120,              0.083,              0.062,              0.046,GGroup,      ,          ,           ,    ,      ,          ,          ,                    ,            ,            ,122
123,2MASX J01054640-0045341       ,01h05m46.41s,-00d45m34.1s,              0.154,              0.120,              0.083,              0.062,              0.046,G     , 19915,  0.066430,   0.000160,    , 18.85,      0.18,      0.17,                    ,       37.33,      292.00,123
124,SDSS J010545.40-004531.5      ,01h05m45.41s,-00d45m31.6s,              0.155,              0.120,              0.083,              0.062,              0.046,G     ,      ,          ,           ,    , 17.7g,      0.14,      0.05,Extended Src [SDSS] ,            ,            ,124
125,                              ,            ,            ,                   ,                   ,                   ,                   ,                   ,      ,      ,          ,           ,    ,      ,          ,          ,                    ,            ,            ,125
126,SN 2007S                      ,10h00m31.26s,+04d24m26.2s,              0.118,              0.092,              0.064,              0.047,              0.035,SN    ,      ,          ,           ,    ,      ,          ,          ,Ia                  ,       33.92,       60.29,126
127,SDSS J100031.13+042434.6      ,10h00m31.13s,+04d24m34.6s,              0.118,              0.092,              0.064,              0.047,              0.035,*     ,      ,          ,           ,    , 18.7g,          ,          ,Point Src [SDSS]    ,            ,            ,127
128,NGC 1109                      ,02h47m43.58s,+13d15m19.2s,              0.570,              0.444,              0.307,              0.228,              0.170,G     ,  8900,  0.029687,   0.000113,    ,  15.4,       1.1,       0.9,COMPACT             ,            ,            ,128
129,SDSS J100918.44+145927.2      ,10h09m18.44s,+14d59m27.2s,              0.190,              0.148,              0.102,              0.076,              0.057,G     ,      ,          ,           ,    , 22.7g,          ,          ,Extended Src [SDSS] ,            ,            ,129
130,SN 2008ae                     ,09h56m03.20s,+10d29m58.8s,              0.117,              0.091,              0.063,              0.047,              0.035,SN    ,      ,          ,           ,    ,      ,          ,          ,Ia pec              ,            ,            ,130
131,SN 2008ar                     ,12h24m37.92s,+10d50m17.4s,              0.156,              0.122,              0.084,              0.063,              0.046,SN    ,      ,          ,           ,    ,      ,          ,          ,Ia                  ,       35.43,      118.00,131
132,IC 3284                       ,12h24m37.56s,+10d50m20.5s,              0.156,              0.122,              0.084,              0.063,              0.047,G     ,  7839,  0.026147,   0.000096,    , 15.5g,      0.62,      0.52,SBa(r)              ,       35.43,      118.00,132
133,SDSS J122437.78+105013.5      ,12h24m37.79s,+10d50m13.6s,              0.156,              0.122,              0.084,              0.063,              0.046,*     ,      ,          ,           ,    , 22.7g,          ,          ,Point Src [SDSS]    ,            ,            ,133
134,SN 2008bc                     ,09h38m31.23s,-63d58m25.6s,              1.112,              0.866,              0.599,              0.445,              0.331,SN    ,      ,          ,           ,    ,      ,          ,          ,Ia                  ,       34.06,       63.77,134
135,UGC 03611                     ,06h57m11.73s,+20d26m14.5s,              0.355,              0.277,              0.191,              0.142,              0.106,G     ,  4983,  0.016621,   0.000013,    ,  14.3,       0.9,       0.5,S0/a                ,       34.27,       70.15,135
136,SN 2008C                      ,06h57m11.53s,+20d26m13.7s,              0.355,              0.277,              0.191,              0.142,              0.106,SN    ,      ,          ,           ,    ,      ,          ,          ,Ia                  ,       34.27,       70.15,136
137,[WLF2008] J140732.38-263305.6 ,14h07m32.38s,-26d33m05.6s,              0.284,              0.221,              0.153,              0.114,              0.085,G     , 13799,  0.046030,           ,    ,      ,          ,          ,                    ,       36.72,      211.00,137
138,SN 2008cf                     ,14h07m32.56s,-26d33m06.6s,              0.284,              0.221,              0.153,              0.114,              0.085,SN    ,      ,          ,           ,    ,      ,          ,          ,Ia                  ,       36.72,      211.00,138
139,ESO 284- G 032                ,20h13m56.26s,-44d21m04.2s,              0.214,              0.167,              0.116,              0.086,              0.064,G     ,  5758,  0.019207,   0.000083,    , 13.67,       1.2,       1.2,(R_1)SB(1)0^+  HII  ,            ,            ,139
140,2MASX J22104396-2047256       ,22h10m43.98s,-20d47m26.0s,              0.157,              0.122,              0.085,              0.063,              0.047,G     , 18669,  0.062273,   0.000150,    , 16.83,      0.41,      0.30,                    ,            ,            ,140
141,GALEXASC J000401.28-111030.6  ,00h04m01.28s,-11d10m30.6s,              0.152,              0.118,              0.082,              0.061,              0.045,UvS   ,      ,          ,           ,    ,      ,          ,          ,                    ,            ,            ,141
142,MCG -02-01-014                ,00h04m01.53s,-11d10m27.4s,              0.152,              0.118,              0.082,              0.061,              0.045,G     , 11360,  0.037893,   0.000130,    ,  14.5,       1.1,       0.9,SB(rs)c:            ,       36.12,      161.00,142
143,ESO 570- G 020                ,11h23m40.96s,-22d16m13.8s,              0.144,              0.113,              0.078,              0.058,              0.043,G     ,  8187,  0.027309,   0.000047,    , 14.90,       1.0,        .6,Sbc                 ,       35.40,      114.00,143
144,UGC 03236                     ,05h03m33.21s,+06d39m26.5s,              0.473,              0.369,              0.255,              0.190,              0.141,G     ,  8514,  0.028400,   0.000007,    , 15.33,       1.0,       0.4,Sbc                 ,       35.42,      121.06,144
145,ESO 549- G 031                ,03h54m24.67s,-19d11m25.1s,              0.224,              0.174,              0.120,              0.090,              0.067,G     ,  7497,  0.025007,   0.000033,    , 14.69,       1.1,        .5,Sb                  ,       35.15,      105.78,145
146,NGC 1080                      ,02h45m09.94s,-04d42m38.8s,              0.134,              0.104,              0.072,              0.053,              0.040,G     ,  7845,  0.026168,   0.000013,    , 14.08,       1.1,       0.8,SAB(s)c:            ,       34.50,       85.44,146
147,NGC 1578                      ,04h23m46.65s,-51d35m58.0s,              0.059,              0.046,              0.032,              0.024,              0.017,G     ,  6178,  0.020608,   0.000087,    , 13.92,       1.2,       1.1,SA(s)a pec:         ,            ,            ,147
148,SN 2014cd                     ,04h23m47.19s,-51d36m02.9s,              0.059,              0.046,              0.032,              0.024,              0.018,SN    ,      ,          ,           ,    ,      ,          ,          ,                    ,            ,            ,148
149,SN 2014bz                     ,13h56m04.19s,-43d35m09.9s,              0.365,              0.284,              0.197,              0.146,              0.109,SN    ,      ,          ,           ,    ,      ,          ,          ,                    ,            ,            ,149
150,SDSS J124653.32+144748.4      ,12h46m53.32s,+14d47m48.4s,              0.131,              0.102,              0.071,              0.052,              0.039,G     , 19954,  0.066559,   0.000110,    , 17.8g,      0.20,      0.19,                    ,            ,            ,150
151,APMUKS(BJ) B141811.91-050120.8,14h20m49.12s,-05d15m03.0s,              0.204,              0.159,              0.110,              0.082,              0.061,G     ,      ,          ,           ,    , 20.43,      0.12,      0.10,                    ,            ,            ,151
152,GALEXASC J195932.30-565932.4  ,19h59m32.30s,-56d59m32.5s,              0.231,              0.180,              0.124,              0.092,              0.069,UvS   ,      ,          ,           ,    ,      ,          ,          ,                    ,            ,            ,152
153,NGC 7119B                     ,21h46m15.18s,-46d31m06.3s,              0.081,              0.063,              0.044,              0.033,              0.024,G     ,  9590,  0.031989,   0.000150,    , 13.72,       0.6,       0.3,Sc? pec             ,            ,            ,153
154,NGC 7119                      ,21h46m15.50s,-46d31m05.0s,              0.081,              0.063,              0.044,              0.033,              0.024,GPair ,  9666,  0.032242,           ,    ,      ,          ,          ,                    ,            ,            ,154
155,GALEXASC J214615.65-463100.3  ,21h46m15.65s,-46d31m00.4s,              0.081,              0.063,              0.044,              0.033,              0.024,UvS   ,      ,          ,           ,    ,      ,          ,          ,                    ,            ,            ,155
156,2MASX J13434760-3254381       ,13h43m47.63s,-32d54m38.1s,              0.229,              0.179,              0.124,              0.092,              0.068,G     ,      ,          ,           ,    ,      ,          ,          ,                    ,            ,            ,156
157,                              ,            ,            ,                   ,                   ,                   ,                   ,                   ,      ,      ,          ,           ,    ,      ,          ,          ,                    ,            ,            ,157
158,2MASX J06134795-6755146       ,06h13m47.99s,-67d55m14.5s,              0.318,              0.248,              0.171,              0.127,              0.095,G     , 10774,  0.035938,   0.000103,    , 15.2b,      0.72,      0.62,                    ,       35.38,      119.00,158
159,                              ,            ,            ,                   ,                   ,                   ,                   ,                   ,      ,      ,          ,           ,    ,      ,          ,          ,                    ,            ,            ,159
160,APMUKS(BJ) B033105.19-262232.9,03h33m12.55s,-26d12m30.1s,              0.043,              0.034,              0.023,              0.017,              0.013,G     ,      ,          ,           ,    , 16.57,      0.37,      0.31,                    ,            ,            ,160
161,2MASX J06380745-7543288       ,06h38m07.40s,-75d43m28.9s,              0.422,              0.329,              0.228,              0.169,              0.126,G     ,      ,          ,           ,    ,      ,          ,          ,                    ,            ,            ,161
162,                              ,            ,            ,                   ,                   ,                   ,                   ,                   ,      ,      ,          ,           ,    ,      ,          ,          ,                    ,            ,            ,162
163,GALEXMSC J021234.60-372019.1  ,02h12m34.61s,-37d20m19.1s,              0.066,              0.052,              0.036,              0.027,              0.020,UvS   ,      ,          ,           ,    ,      ,          ,          ,                    ,            ,            ,163
164,                              ,            ,            ,                   ,                   ,                   ,                   ,                   ,      ,      ,          ,           ,    ,      ,          ,          ,                    ,            ,            ,164
165,2MASX J05583036-6333386       ,05h58m30.37s,-63d33m38.4s,              0.221,              0.172,              0.119,              0.089,              0.066,G     ,      ,          ,           ,    ,      ,          ,          ,                    ,            ,            ,165
166,GALEXASC J055831.27-633338.7  ,05h58m31.27s,-63d33m38.7s,              0.221,              0.172,              0.119,              0.088,              0.066,UvS   ,      ,          ,           ,    ,      ,          ,          ,                    ,            ,            ,166
167,                              ,            ,            ,                   ,                   ,                   ,                   ,                   ,      ,      ,          ,           ,    ,      ,          ,          ,                    ,            ,            ,167
168,[GC2009] J051446.44-665030.1  ,05h14m46.44s,-66d50m30.1s,              0.318,              0.248,              0.171,              0.127,              0.095,G     ,      ,          ,           ,    , 14.5K,          ,          ,                    ,            ,            ,168
169,2MASX J01460987-6727579       ,01h46m09.85s,-67d27m57.8s,              0.103,              0.080,              0.055,              0.041,              0.031,G     ,      ,          ,           ,    , 15.9r,      0.27,      0.21,                    ,            ,            ,169
170,ESO 287- G 040                ,21h37m28.18s,-47d02m09.0s,              0.120,              0.094,              0.065,              0.048,              0.036,G     ,  9254,  0.030868,   0.000070,    , 14.25,       1.2,       0.9,Ring?               ,       34.89,       95.00,170
171,GALEXASC J213727.65-470200.3  ,21h37m27.65s,-47d02m00.3s,              0.121,              0.094,              0.065,              0.048,              0.036,UvS   ,      ,          ,           ,    ,      ,          ,          ,                    ,            ,            ,171
1  ,SN 2013bz                     ,13h26m51.32s,-10d01m32.2s,              0.188,              0.147,              0.101,              0.075,              0.056,SN    ,      ,          ,           ,    ,      ,          ,          ,Ia                  ,            ,            ,1  
2  ,2MASX J13265081-1001263       ,13h26m50.81s,-10d01m26.4s,              0.189,              0.147,              0.102,              0.076,              0.056,G     ,  5745,  0.019163,   0.000137,    , 15.39,       0.9,       0.3,                    ,            ,            ,2  
3  ,ESO 306- G 016                ,05h39m53.44s,-40d30m45.0s,              0.136,              0.106,              0.073,              0.054,              0.040,G     , 11176,  0.037279,   0.000150,    , 14.92,       1.0,       0.6,S?                  ,       35.58,      130.00,3  
4  ,SN 2013as                     ,11h52m52.34s,-18d59m19.9s,              0.166,              0.130,              0.090,              0.067,              0.050,SN    ,      ,          ,           ,    ,      ,          ,          ,Ia                  ,            ,            ,4  
5  ,CRTS J115252.34-185919.9      ,11h52m52.34s,-18d59m19.9s,              0.166,              0.130,              0.090,              0.067,              0.050,G     , 20985,  0.070000,           ,  SN,      ,          ,          ,                    ,            ,            ,5  
6  ,                              ,            ,            ,                   ,                   ,                   ,                   ,                   ,      ,      ,          ,           ,    ,      ,          ,          ,                    ,            ,            ,6  
7  ,2MASX J02022241-6544090       ,02h02m22.48s,-65d44m09.4s,              0.144,              0.112,              0.077,              0.058,              0.043,G     ,      ,          ,           ,    , 17.97,      0.29,      0.21,                    ,            ,            ,7  
8  ,GALEXASC J100111.90+001946.4  ,10h01m11.91s,+00d19m46.4s,              0.124,              0.097,              0.067,              0.050,              0.037,UvS   ,      ,          ,           ,    ,      ,          ,          ,                    ,            ,            ,8  
9  ,SDSS J100112.08+001946.7      ,10h01m12.08s,+00d19m46.7s,              0.124,              0.097,              0.067,              0.050,              0.037,*     ,      ,          ,           ,    , 25.1g,          ,          ,Point Src [SDSS]    ,            ,            ,9  
10 ,CGCG 008-023                  ,10h01m11.88s,+00d19m45.6s,              0.124,              0.097,              0.067,              0.050,              0.037,G     , 10345,  0.034506,   0.000065,    , 15.3g,      0.51,      0.44,Sc                  ,            ,            ,10 
11 ,SN 2013U                      ,10h01m12.00s,+00d19m42.3s,              0.124,              0.097,              0.067,              0.050,              0.037,SN    ,      ,          ,           ,    ,      ,          ,          ,Ia                  ,            ,            ,11 
12 ,SDSS J100112.13+001949.4      ,10h01m12.14s,+00d19m49.4s,              0.124,              0.097,              0.067,              0.050,              0.037,*     ,      ,          ,           ,    , 21.3g,          ,          ,Point Src [SDSS]    ,            ,            ,12 
13 ,SDSS J100112.42+001945.8      ,10h01m12.43s,+00d19m45.8s,              0.124,              0.097,              0.067,              0.050,              0.037,*     ,      ,          ,           ,    , 22.1g,          ,          ,Point Src [SDSS]    ,            ,            ,13 
14 ,NVSS J100111+001951           ,10h01m11.59s,+00d19m51.2s,              0.124,              0.097,              0.067,              0.050,              0.037,RadioS,      ,          ,           ,    ,      ,          ,          ,                    ,            ,            ,14 
15 ,2MASXi J0401529-263947        ,04h01m52.91s,-26d39m47.7s,              0.111,              0.087,              0.060,              0.044,              0.033,G     , 21624,  0.072130,   0.000157,    , 17.27,      0.33,      0.27,                    ,            ,            ,15 
16 ,GALEXASC J040152.64-263944.9  ,04h01m52.65s,-26d39m45.0s,              0.111,              0.086,              0.060,              0.044,              0.033,UvS   ,      ,          ,           ,    ,      ,          ,          ,                    ,            ,            ,16 
17 ,2MASX J03194423-2700201       ,03h19m44.23s,-27d00m20.5s,              0.077,              0.060,              0.042,              0.031,              0.023,G     , 20808,  0.069408,   0.000150,    , 15.5R,      0.23,      0.19,                    ,            ,            ,17 
18 ,GALEXASC J110738.65-294235.5  ,11h07m38.65s,-29d42m35.6s,              0.224,              0.175,              0.121,              0.090,              0.067,UvS   ,      ,          ,           ,    ,      ,          ,          ,                    ,            ,            ,18 
19 ,                              ,            ,            ,                   ,                   ,                   ,                   ,                   ,      ,      ,          ,           ,    ,      ,          ,          ,                    ,            ,            ,19 
20 ,GALEXASC J024043.58-344425.0  ,02h40m43.59s,-34d44m25.0s,              0.103,              0.081,              0.056,              0.041,              0.031,UvS   ,      ,          ,           ,    ,      ,          ,          ,                    ,            ,            ,20 
21 ,2MASX J06070178-6921180       ,06h07m01.72s,-69d21m17.8s,              0.318,              0.248,              0.171,              0.127,              0.095,G     ,  4404,  0.014690,   0.000087,    , 15.4b,      0.59,      0.30,                    ,       34.52,       80.00,21 
22 ,SN 2012gm                     ,23h17m37.03s,+14d00m08.9s,              0.194,              0.151,              0.104,              0.078,              0.058,SN    ,      ,          ,           ,    ,      ,          ,          ,Ia                  ,            ,            ,22 
23 ,SDSS J231736.66+140003.1      ,23h17m36.67s,+14d00m03.1s,              0.194,              0.151,              0.104,              0.078,              0.058,G     ,      ,          ,           ,    , 18.2g,      0.08,      0.07,Extended Src [SDSS] ,            ,            ,23 
24 ,SDSS J231736.56+140002.1      ,23h17m36.56s,+14d00m02.2s,              0.194,              0.151,              0.104,              0.078,              0.058,*     ,>30000,  0.325000,           ,PHOT, 19.4g,          ,          ,Rejected QSO cand.  ,            ,            ,24 
25 ,SDSS J231736.69+135958.8      ,23h17m36.70s,+13d59m58.9s,              0.194,              0.151,              0.104,              0.078,              0.058,G     ,      ,          ,           ,    , 19.0g,      0.07,      0.07,Extended Src [SDSS] ,            ,            ,25 
26 ,GALEXMSC J231736.48+140003.0  ,23h17m36.49s,+14d00m03.1s,              0.194,              0.151,              0.104,              0.078,              0.058,UvS   ,      ,          ,           ,    ,      ,          ,          ,                    ,            ,            ,26 
27 ,SDSS J231737.51+140006.2      ,23h17m37.52s,+14d00m06.3s,              0.194,              0.151,              0.104,              0.078,              0.058,G     ,      ,          ,           ,    , 22.3g,      0.03,      0.03,Extended Src [SDSS] ,            ,            ,27 
28 ,NGC 7580                      ,23h17m36.40s,+14d00m04.3s,              0.194,              0.151,              0.104,              0.078,              0.058,G     ,  4434,  0.014790,   0.000007,    , 14.2g,      0.80,      0.67,Sbc                 ,       34.18,       69.35,28 
29 ,SDSS J231737.56+140008.7      ,23h17m37.57s,+14d00m08.8s,              0.194,              0.151,              0.104,              0.078,              0.058,G     ,      ,          ,           ,    , 21.9g,      0.04,      0.04,Extended Src [SDSS] ,            ,            ,29 
30 ,ESO 487- G 004                ,05h22m17.22s,-25d36m26.8s,              0.106,              0.083,              0.057,              0.043,              0.032,G     ,  9366,  0.031242,   0.000017,    , 15.73,      1.1:,        .4,Sc             HII  ,       35.98,      157.00,30 
31 ,LSQ12fuk                      ,04h58m15.89s,-16d17m57.8s,              0.354,              0.276,              0.191,              0.142,              0.105,SN    ,      ,          ,           ,    ,      ,          ,          ,                    ,            ,            ,31 
32 ,GALEXASC J045815.88-161800.7  ,04h58m15.88s,-16d18m00.7s,              0.354,              0.276,              0.191,              0.142,              0.105,UvS   ,      ,          ,           ,    ,      ,          ,          ,                    ,            ,            ,32 
33 ,GALEXASC J100357.15-061438.0  ,10h03m57.10s,-06d14m37.8s,              0.156,              0.122,              0.084,              0.062,              0.046,G     ,      ,          ,           ,    , 17.56,      0.35,      0.24,                    ,            ,            ,33 
34 ,ESO 510- G 034                ,13h59m42.00s,-25d22m42.6s,              0.306,              0.239,              0.165,              0.123,              0.091,G     , 11364,  0.037906,   0.000017,    , 15.58,       1.0,        .3,S0                  ,            ,            ,34 
35 ,                              ,            ,            ,                   ,                   ,                   ,                   ,                   ,      ,      ,          ,           ,    ,      ,          ,          ,                    ,            ,            ,35 
36 ,GALEXASC J101741.80-072452.2  ,10h17m41.80s,-07d24m52.2s,              0.182,              0.142,              0.098,              0.073,              0.054,UvS   ,      ,          ,           ,    ,      ,          ,          ,                    ,            ,            ,36 
37 ,GALEXASC J105517.85-141757.2  ,10h55m17.60s,-14d17m57.0s,              0.203,              0.158,              0.109,              0.081,              0.060,G     ,      ,          ,           ,    , 18.27,      0.20,      0.16,                    ,            ,            ,37 
38 ,2MASX J05310364-1948063       ,05h31m03.63s,-19d48m06.0s,              0.207,              0.162,              0.112,              0.083,              0.062,G     ,      ,          ,           ,    ,      ,          ,          ,                    ,            ,            ,38 
39 ,IC 0803 NED01                 ,12h39m35.86s,+16d35m16.2s,              0.101,              0.079,              0.055,              0.041,              0.030,G     ,  7985,  0.026635,           ,    , 16.00,      0.80,      0.25,                    ,            ,            ,39 
40 ,SDSS J123936.04+163508.0      ,12h39m36.04s,+16d35m08.0s,              0.101,              0.079,              0.055,              0.041,              0.030,G     ,      ,          ,           ,    , 21.3g,      0.21,      0.01,Extended Src [SDSS] ,            ,            ,40 
41 ,NGC 0975                      ,02h33m22.75s,+09d36m06.1s,              0.316,              0.246,              0.170,              0.126,              0.094,G     ,  6071,  0.020251,   0.000070,    , 14.07,       1.1,       0.8,S0/a                ,            ,            ,41 
42 ,CGCG 048-051                  ,14h53m23.40s,+02d57m59.5s,              0.191,              0.149,              0.103,              0.077,              0.057,G     ,  8334,  0.027799,   0.000082,    , 15.6g,      0.56,      0.45,Sb                  ,            ,            ,42 
43 ,SN 2011jq                     ,05h16m41.55s,+06d29m30.2s,              0.729,              0.568,              0.393,              0.292,              0.217,SN    ,      ,          ,           ,    ,      ,          ,          ,Ia                  ,            ,            ,43 
44 ,2MASX J13453653-0719350       ,13h45m36.54s,-07d19m34.9s,              0.166,              0.129,              0.089,              0.066,              0.049,G     ,  7288,  0.024310,   0.000050,    , 14.93,          ,          ,                    ,            ,            ,44 
45 ,GALEXASC J134536.58-071933.8  ,13h45m36.58s,-07d19m33.9s,              0.166,              0.129,              0.089,              0.066,              0.049,UvS   ,      ,          ,           ,    ,      ,          ,          ,                    ,            ,            ,45 
46 ,SN 2013da                     ,13h45m36.21s,-07d19m32.6s,              0.166,              0.129,              0.089,              0.066,              0.049,SN    ,      ,          ,           ,    ,      ,          ,          ,Ia                  ,            ,            ,46 
47 ,NVSS J134536-071934           ,13h45m36.03s,-07d19m34.5s,              0.166,              0.129,              0.089,              0.066,              0.049,RadioS,      ,          ,           ,    ,      ,          ,          ,                    ,            ,            ,47 
48 ,VV 478                        ,01h18m43.17s,-07d27m05.3s,              0.232,              0.181,              0.125,              0.093,              0.069,GPair ,  5322,  0.017752,   0.000033,    ,      ,          ,          ,S?                  ,            ,            ,48 
49 ,GALEXASC J011843.37-072710.5  ,01h18m43.37s,-07d27m10.5s,              0.232,              0.181,              0.125,              0.093,              0.069,UvS   ,      ,          ,           ,    ,      ,          ,          ,                    ,            ,            ,49 
50 ,MCG -01-04-025 NED02          ,01h18m43.63s,-07d27m09.6s,              0.232,              0.181,              0.125,              0.093,              0.069,G     ,      ,          ,           ,    ,      ,          ,          ,                    ,            ,            ,50 
51 ,NGC 7068                      ,21h26m32.37s,+12d11m03.5s,              0.416,              0.324,              0.224,              0.167,              0.124,G     ,  5183,  0.017289,   0.000100,    , 17.7g,      0.10,      0.09,Sc                  ,            ,            ,51 
52 ,SDSS J212632.14+121111.3      ,21h26m32.14s,+12d11m11.3s,              0.415,              0.324,              0.224,              0.166,              0.124,G     ,      ,          ,           ,    , 15.1g,      0.91,      0.48,Extended Src [SDSS] ,            ,            ,52 
53 ,UGC 01395                     ,01h55m22.04s,+06d36m42.6s,              0.309,              0.241,              0.166,              0.124,              0.092,G     ,  5218,  0.017405,   0.000080,    , 14.18,       1.3,       1.0,SA(rs)b        Sy1.9,       33.93,       61.66,53 
54 ,NGC 1954                      ,05h32m48.33s,-14d03m46.0s,              0.609,              0.475,              0.328,              0.244,              0.181,G     ,  3130,  0.010441,   0.000017,    , 12.44,       4.2,       2.2,SA(rs)bc pec:       ,       33.46,       49.44,54 
55 ,CGCG 023-030                  ,16h16m33.83s,-00d35m19.8s,              0.514,              0.400,              0.277,              0.206,              0.153,G     ,  4926,  0.016433,   0.000011,    , 16.2g,      0.58,      0.22,BlueCG?        HII  ,            ,            ,55 
56 ,GALEXASC J161633.84-003517.3  ,16h16m33.85s,-00d35m17.3s,              0.514,              0.400,              0.277,              0.206,              0.153,UvS   ,      ,          ,           ,    ,      ,          ,          ,                    ,            ,            ,56 
57 ,SDSS J161634.04-003521.5      ,16h16m34.05s,-00d35m21.5s,              0.513,              0.400,              0.277,              0.206,              0.153,G     ,      ,          ,           ,    , 22.6g,      0.03,      0.02,Extended Src [SDSS] ,            ,            ,57 
58 ,CGCG 051-075                  ,16h17m11.04s,+04d33m14.8s,              0.308,              0.240,              0.166,              0.123,              0.092,G     ,      ,          ,           ,    ,  15.7,      0.40,      0.32,Sa                  ,            ,            ,58 
59 ,CGCG 402-014                  ,21h40m38.95s,+06d30m35.2s,              0.248,              0.193,              0.134,              0.099,              0.074,G     ,  6914,  0.023063,           ,    ,  15.7,       0.6,       0.4,                    ,            ,            ,59 
60 ,ARK 477                       ,15h33m48.92s,+21d08m10.3s,              0.244,              0.190,              0.132,              0.098,              0.073,G     ,  7068,  0.023576,   0.000063,    ,  14.9,       0.4,       0.3,2MASS Extended Ver.2,            ,            ,60 
61 ,VIII Zw 035                   ,00h40m10.55s,-10d26m26.2s,              0.145,              0.113,              0.078,              0.058,              0.043,G     ,  8160,  0.027219,   0.000064,    , 15.4g,      0.38,      0.30,               HII  ,            ,            ,61 
62 ,NGC 2765                      ,09h07m36.64s,+03d23m34.5s,              0.136,              0.106,              0.074,              0.055,              0.041,G     ,  3762,  0.012549,   0.000067,    , 13.0g,      1.94,      0.98,S0                  ,       33.82,       57.50,62 
63 ,2MASX J03021111+1555387       ,03h02m11.09s,+15d55m38.6s,              0.552,              0.430,              0.297,              0.221,              0.164,G     ,  5096,  0.017000,   0.000100,    , 16.10,          ,          ,                    ,            ,            ,63 
64 ,SN 2013hk                     ,03h02m10.85s,+15d55m38.8s,              0.552,              0.430,              0.298,              0.221,              0.164,SN    ,      ,          ,           ,    ,      ,          ,          ,                    ,            ,            ,64 
65 ,KUG 1237+183                  ,12h40m11.39s,+18d03m42.2s,              0.077,              0.060,              0.041,              0.031,              0.023,G     ,  7922,  0.026425,           ,    , 16.90,      0.49,      0.15,Spiral              ,            ,            ,65 
66 ,UGC 11037                     ,17h55m05.43s,+18d15m26.5s,              0.348,              0.271,              0.188,              0.140,              0.104,G     ,  3127,  0.010431,   0.000017,    ,  16.0,       1.2,       0.2,Sdm:                ,            ,            ,66 
67 ,SN 2014ay                     ,17h55m05.43s,+18d15m26.4s,              0.348,              0.271,              0.188,              0.140,              0.104,SN    ,      ,          ,           ,    ,      ,          ,          ,                    ,            ,            ,67 
68 ,GALEXASC J234448.27-020653.4  ,23h44m48.21s,-02d06m53.5s,              0.135,              0.105,              0.073,              0.054,              0.040,G     ,  2018,  0.006731,   0.000063,    , 16.48,      0.68,      0.22,                    ,            ,            ,68 
69 ,SDSS J102131.91+082419.8      ,10h21m31.92s,+08d24m19.9s,              0.124,              0.097,              0.067,              0.050,              0.037,G     ,  9794,  0.032668,   0.000091,    , 17.2g,      0.25,      0.13,                    ,            ,            ,69 
70 ,CGCG 103-030                  ,13h58m13.13s,+17d31m51.9s,              0.126,              0.098,              0.068,              0.050,              0.037,G     ,  6729,  0.022447,           ,    ,  15.7,       0.6,       0.6,                    ,            ,            ,70 
71 ,CGCG 023-005                  ,15h57m30.27s,+01d06m43.1s,              0.404,              0.315,              0.218,              0.162,              0.120,G     ,  9995,  0.033340,   0.000264,    ,  15.5,          ,          ,                    ,            ,            ,71 
72 ,2MASX J12470274-2414435       ,12h47m02.76s,-24d14m43.7s,              0.401,              0.313,              0.216,              0.161,              0.120,G     ,  7434,  0.024797,   0.000150,    , 15.0R,          ,          ,                    ,            ,            ,72 
73 ,ESO 075- G 049                ,22h02m01.83s,-70d02m29.8s,              0.127,              0.099,              0.068,              0.051,              0.038,G     , 11248,  0.037519,   0.000150,    , 15.07,      0.62,      0.55,S...                ,            ,            ,73 
74 ,NGC 2466                      ,07h45m16.05s,-71d24m37.5s,              0.700,              0.546,              0.377,              0.281,              0.209,G     ,  5313,  0.017722,   0.000020,    , 13.54,       1.5,       1.4,SA(s)c:             ,            ,            ,74 
75 ,SN 2003gh                     ,07h45m17.93s,-71d24m37.3s,              0.701,              0.546,              0.378,              0.281,              0.209,SN    ,      ,          ,           ,    ,      ,          ,          ,Ia                  ,            ,            ,75 
76 ,ESO 506- G 004                ,12h21m49.05s,-24d10m05.8s,              0.327,              0.255,              0.176,              0.131,              0.098,G     ,  4022,  0.013416,   0.000030,    , 12.65,       2.1,       1.1,SB(rs)ab poss. LINER,       33.94,       61.97,76 
77 ,ESO 319- G 015                ,11h21m57.93s,-37d53m57.8s,              0.513,              0.400,              0.276,              0.205,              0.153,G     ,  2746,  0.009159,   0.000029,    , 13.78,       1.2,        .8,Irr                 ,            ,            ,77 
78 ,GALEXASC J112157.48-375351.2  ,11h21m57.48s,-37d53m51.3s,              0.514,              0.400,              0.277,              0.206,              0.153,UvS   ,      ,          ,           ,    ,      ,          ,          ,                    ,            ,            ,78 
79 ,UGC 11860                     ,21h57m59.70s,+24d16m00.0s,              0.296,              0.231,              0.160,              0.119,              0.088,G     ,  3125,  0.010424,   0.000010,    ,  16.0,       1.5,       0.6,Sdm                 ,       33.90,       61.85,79 
80 ,MRK 0842                      ,15h05m54.86s,+12d44m39.1s,              0.157,              0.122,              0.084,              0.063,              0.047,G     ,  6656,  0.022202,   0.000107,    ,  15.2,      0.35,       0.2,S0                  ,            ,            ,80 
81 ,MCG -05-52-046                ,22h12m10.43s,-27d49m38.4s,              0.087,              0.068,              0.047,              0.035,              0.026,G     ,  8614,  0.028733,   0.000103,    , 15.95,      0.67,      0.40,S                   ,            ,            ,81 
82 ,CGCG 461-012                  ,01h57m36.08s,+16d46m22.1s,              0.228,              0.178,              0.123,              0.092,              0.068,G     ,  8040,  0.026819,   0.000017,    , 14.61,       0.8,       0.5,Sm                  ,            ,            ,82 
83 ,MCG -01-38-015                ,15h00m38.84s,-03d51m30.0s,              0.652,              0.508,              0.352,              0.261,              0.194,G     ,  6812,  0.022722,   0.000113,    , 14.99,       0.3,      0.25,                    ,            ,            ,83 
84 ,2MASX J20220000-5147474       ,20h22m00.01s,-51d47m47.5s,              0.247,              0.192,              0.133,              0.099,              0.073,G     ,  5875,  0.019597,   0.000150,    , 15.0R,      0.35,      0.29,                    ,            ,            ,84 
85 ,ESO 416- G 039                ,02h52m22.33s,-31d49m02.2s,              0.086,              0.067,              0.046,              0.035,              0.026,G     ,  6772,  0.022589,   0.000100,    , 15.13,       0.7,       0.6,S0?                 ,       35.41,      121.00,85 
86 ,GALEXASC J124615.00-404846.2  ,12h46m14.94s,-40d48m46.8s,              0.464,              0.361,              0.250,              0.186,              0.138,G     ,  4607,  0.015367,   0.000063,    , 16.53,      0.74,      0.52,I                   ,            ,            ,86 
87 ,GALEXASC J203406.21-015759.2  ,20h34m06.22s,-01d57m59.3s,              0.529,              0.412,              0.285,              0.212,              0.158,UvS   ,      ,          ,           ,    ,      ,          ,          ,                    ,            ,            ,87 
88 ,MCG -01-60-044                ,23h49m06.71s,-07d02m54.7s,              0.123,              0.096,              0.067,              0.049,              0.037,G     ,  8145,  0.027169,   0.000030,    , 14.99,       0.7,      0.25,Sd             HII  ,            ,            ,88 
89 ,NGC 0337                      ,00h59m50.09s,-07d34m40.7s,              0.474,              0.370,              0.256,              0.190,              0.141,G     ,  1646,  0.005490,   0.000007,    , 12.46,       2.9,       1.8,SB(s)d         HII  ,       31.58,       20.79,89 
90 ,2MASX J21303015-7038489       ,21h30m30.17s,-70d38m49.1s,              0.147,              0.114,              0.079,              0.059,              0.044,G     , 11668,  0.038920,   0.000150,    , 15.2r,      0.60,      0.42,S                   ,            ,            ,90 
91 ,2MASX J01504127-1431032       ,01h50m41.27s,-14d31m03.1s,              0.064,              0.050,              0.034,              0.026,              0.019,G     , 10079,  0.033620,   0.000150,    , 15.36,      0.72,      0.42,                    ,            ,            ,91 
92 ,ESO 058- G 012                ,06h43m21.64s,-69d38m29.5s,              0.305,              0.238,              0.164,              0.122,              0.091,G     ,      ,          ,           ,    , 15.36,       1.1,        .2,Sb:                 ,            ,            ,92 
93 ,ESO 113- G 032                ,01h16m04.94s,-61d37m19.8s,              0.088,              0.069,              0.048,              0.035,              0.026,G     ,  8694,  0.029000,   0.000213,    , 14.38,       1.4,       0.4,(R')Sab             ,            ,            ,93 
94 ,MCG -04-53-013                ,22h34m29.82s,-24d39m52.5s,              0.087,              0.068,              0.047,              0.035,              0.026,G     , 10033,  0.033466,   0.000150,    , 15.03,       0.5,       0.5,E                   ,            ,            ,94 
95 ,2dFGRS S588Z294               ,22h16m40.81s,-36d09m40.7s,              0.092,              0.071,              0.049,              0.037,              0.027,G     ,  9234,  0.030800,   0.000213,    , 16.53,      0.53,      0.23,                    ,            ,            ,95 
96 ,2MASX J22164085-3609399       ,22h16m40.84s,-36d09m40.2s,              0.092,              0.071,              0.049,              0.037,              0.027,G     ,      ,          ,           ,    ,      ,      0.34,      0.34,                    ,            ,            ,96 
97 ,6dF J2216407-360940           ,22h16m40.84s,-36d09m40.2s,              0.092,              0.071,              0.049,              0.037,              0.027,G     ,  9212,  0.030728,   0.000150,    , 16.4b,          ,          ,                    ,            ,            ,97 
98 ,DUKST 405-030                 ,22h16m40.64s,-36d09m40.6s,              0.092,              0.071,              0.049,              0.037,              0.027,G     ,  9102,  0.030361,   0.000500,    , 16.70,          ,          ,                    ,            ,            ,98 
99 ,2MASX J00453260-1415328       ,00h45m32.60s,-14d15m32.5s,              0.094,              0.073,              0.051,              0.038,              0.028,G     ,  6592,  0.021989,   0.000150,    ,  15.0,      0.51,      0.34,               HII  ,            ,            ,99 
100,ESO 462- G 009                ,20h21m51.56s,-31d17m23.1s,              0.292,              0.227,              0.157,              0.117,              0.087,G     ,  5779,  0.019277,   0.000080,    , 14.63,       1.0,       0.7,(R'_1)SB(rl)a  Sy2  ,            ,            ,100
101,ESO 467- G 051                ,22h23m16.61s,-28d58m51.5s,              0.079,              0.062,              0.043,              0.032,              0.024,G     ,  1808,  0.006031,   0.000010,    , 14.79,      3.64,      0.34,Sdm                 ,       31.35,       18.78,101
102,GALEXASC J222315.88-285848.4  ,22h23m15.89s,-28d58m48.4s,              0.079,              0.062,              0.043,              0.032,              0.024,UvS   ,      ,          ,           ,    ,      ,          ,          ,                    ,            ,            ,102
103,2MASX J07353554-6246099       ,07h35m35.54s,-62d46m10.0s,              0.667,              0.519,              0.359,              0.267,              0.199,G     ,  3395,  0.011325,   0.000150,    , 15.3b,          ,          ,                    ,            ,            ,103
104,2MASX J23331223-6034201       ,23h33m12.23s,-60d34m20.1s,              0.064,              0.050,              0.035,              0.026,              0.019,G     ,  4445,  0.014827,   0.000150,    , 14.40,      0.90,      0.78,S                   ,            ,            ,104
105,GALEXASC J184443.33-524819.2  ,18h44m43.34s,-52d48m19.3s,              0.232,              0.181,              0.125,              0.093,              0.069,UvS   ,      ,          ,           ,    ,      ,          ,          ,                    ,            ,            ,105
106,2MASX J22532475+0447583       ,22h53m24.75s,+04d47m58.1s,              0.288,              0.224,              0.155,              0.115,              0.086,G     ,      ,          ,           ,    , 16.59,          ,          ,                    ,            ,            ,106
107,ESO 253- G 003                ,05h25m18.08s,-46d00m21.0s,              0.183,              0.143,              0.099,              0.073,              0.055,G     , 12738,  0.042489,   0.000073,    ,  15.6,      1.1:,       .8:,Sa tidal       Sy2  ,            ,            ,107
108,SWIFT J0525.3-4600            ,05h25m17.76s,-46d00m14.4s,              0.183,              0.143,              0.099,              0.073,              0.055,XrayS ,      ,          ,           ,    ,      ,          ,          ,                    ,            ,            ,108
109,GALEXASC J003952.48-380347.3  ,00h39m52.57s,-38d03m48.7s,              0.056,              0.044,              0.030,              0.022,              0.017,G     ,      ,          ,           ,    , 18.49,      0.26,      0.23,                    ,            ,            ,109
110,2MASX J23451480-2947009       ,23h45m14.81s,-29d47m00.5s,              0.079,              0.062,              0.043,              0.032,              0.024,G     , 10073,  0.033600,   0.000150,    , 16.34,      0.51,      0.32,                    ,            ,            ,110
111,GALEXASC J125413.02-073849.5  ,12h54m13.08s,-07d38m50.1s,              0.148,              0.115,              0.080,              0.059,              0.044,G     ,      ,          ,           ,    , 15.49,      0.65,      0.58,SAB(s)m             ,            ,            ,111
112,UGC 06837                     ,11h51m52.47s,+18d32m47.2s,              0.141,              0.110,              0.076,              0.057,              0.042,G     ,  5975,  0.019930,   0.000033,    , 16.1g,      1.18,      0.17,Sd                  ,       35.37,      120.41,112
113,SDSS J115152.58+183243.1      ,11h51m52.58s,+18d32m43.2s,              0.141,              0.110,              0.076,              0.057,              0.042,*     ,      ,          ,           ,    , 21.8g,          ,          ,Point Src [SDSS]    ,            ,            ,113
114,SDSS J115152.17+183253.6      ,11h51m52.17s,+18d32m53.7s,              0.141,              0.110,              0.076,              0.057,              0.042,*     ,      ,          ,           ,    , 21.2g,          ,          ,Point Src [SDSS]    ,            ,            ,114
115,SDSS J115153.12+183245.6      ,11h51m53.13s,+18d32m45.6s,              0.141,              0.110,              0.076,              0.057,              0.042,G     ,      ,          ,           ,    , 22.7g,      0.07,      0.04,Extended Src [SDSS] ,            ,            ,115
116,NGC 4666                      ,12h45m08.59s,-00d27m42.8s,              0.105,              0.082,              0.057,              0.042,              0.031,G     ,  1529,  0.005101,   0.000017,    , 11.49,       4.6,       1.3,SABc:;HII      LINER,       31.16,       17.28,116
117,2XMM J124508.6-002735         ,12h45m08.36s,-00d27m37.6s,              0.105,              0.082,              0.057,              0.042,              0.031,XrayS ,      ,          ,           ,    ,      ,          ,          ,                    ,            ,            ,117
118,SDSS J124508.11-002749.8      ,12h45m08.12s,-00d27m49.9s,              0.105,              0.082,              0.057,              0.042,              0.031,*     ,      ,          ,           ,    , 19.3g,          ,          ,Point Src [SDSS]    ,            ,            ,118
119,2MASX J22571481-2058014       ,22h57m14.81s,-20d58m01.5s,              0.131,              0.102,              0.071,              0.052,              0.039,G     ,  7852,  0.026191,   0.000103,    , 15.00,      0.60,      0.48,E                   ,       34.99,       99.60,119
120,IC 0299                       ,03h11m02.55s,-13d06m34.5s,              0.237,              0.185,              0.128,              0.095,              0.071,G     ,  9607,  0.032046,   0.000150,    , 15.79,      0.63,      0.56,                    ,       35.76,      142.00,120
121,2MASX J14103977-0241003       ,14h10m39.75s,-02d41m00.7s,              0.276,              0.215,              0.149,              0.110,              0.082,G     ,  8093,  0.026995,   0.000027,    , 14.8g,      0.62,      0.50,SABa                ,            ,            ,121
122,LCRS B232926.0-413242         ,23h32m07.46s,-41d16m09.6s,              0.087,              0.068,              0.047,              0.035,              0.026,G     , 14748,  0.049194,   0.000183,    , 16.19,      0.77,      0.37,S                   ,            ,            ,122
123,VIII Zw 211                   ,12h48m15.23s,+17d46m26.5s,              0.108,              0.084,              0.058,              0.043,              0.032,G     ,  6176,  0.020600,           ,    , 16.1g,      0.32,      0.25,                    ,            ,            ,123
124,GALEXASC J124815.21+174622.8  ,12h48m15.22s,+17d46m22.9s,              0.108,              0.084,              0.058,              0.043,              0.032,UvS   ,      ,          ,           ,    ,      ,          ,          ,                    ,            ,            ,124
125,SDSS J124815.21+174616.1      ,12h48m15.22s,+17d46m16.1s,              0.108,              0.084,              0.058,              0.043,              0.032,*     ,      ,          ,           ,    , 17.0g,          ,          ,Point Src [SDSS]    ,            ,            ,125
126,GALEXASC J010647.95-465904.1  ,01h06m47.93s,-46d59m03.5s,              0.059,              0.046,              0.032,              0.024,              0.018,G     ,      ,          ,           ,    , 19.76,      0.18,      0.10,                    ,            ,            ,126
127,                              ,            ,            ,                   ,                   ,                   ,                   ,                   ,      ,      ,          ,           ,    ,      ,          ,          ,                    ,            ,            ,127
128,ESO 113- G 047                ,01h26m40.14s,-57d59m50.8s,              0.089,              0.069,              0.048,              0.036,              0.027,G     ,      ,          ,           ,    , 16.54,      1.37,      0.13,Sc                  ,            ,            ,128
129,GALEXASC J000454.54-322615.3  ,00h04m54.57s,-32d26m16.4s,              0.060,              0.047,              0.033,              0.024,              0.018,G     ,  9324,  0.031100,   0.000297,    , 17.68,      0.26,      0.18,                    ,            ,            ,129
130,GALEXASC J025358.03-213854.7  ,02h53m58.08s,-21d38m55.2s,              0.113,              0.088,              0.061,              0.045,              0.034,G     ,      ,          ,           ,    , 18.25,      0.22,      0.16,                    ,            ,            ,130
131,AM 0139-655 NED02             ,01h41m30.95s,-65d36m56.1s,              0.087,              0.068,              0.047,              0.035,              0.026,G     ,  8216,  0.027406,   0.000050,    , 14.76,      1.03,      0.67,S0                  ,       35.17,      108.33,131
132,[MGS2007] J014130.67-653658.31,01h41m30.67s,-65d36m58.3s,              0.087,              0.068,              0.047,              0.035,              0.026,VisS  ,      ,          ,           ,    , 23.6I,          ,          ,Candidate HII       ,            ,            ,132
133,[MGS2007] J014130.46-653657.50,01h41m30.46s,-65d36m57.5s,              0.087,              0.068,              0.047,              0.035,              0.026,VisS  ,      ,          ,           ,    , 22.9I,          ,          ,Candidate HII       ,            ,            ,133
134,[MGS2007] J014131.42-653655.59,01h41m31.42s,-65d36m55.6s,              0.087,              0.068,              0.047,              0.035,              0.026,VisS  ,      ,          ,           ,    , 21.7I,          ,          ,Candidate HII       ,            ,            ,134
135,[MGS2007] J014131.12-653652.59,01h41m31.12s,-65d36m52.6s,              0.087,              0.068,              0.047,              0.035,              0.026,VisS  ,  7936,  0.026472,           ,    , 23.2I,          ,          ,Candidate HII       ,            ,            ,135
136,[MGS2007] J014131.13-653651.80,01h41m31.13s,-65d36m51.8s,              0.087,              0.068,              0.047,              0.035,              0.026,VisS  ,      ,          ,           ,    , 21.1I,          ,          ,Candidate HII       ,            ,            ,136
137,[MGS2007] J014130.32-653653.15,01h41m30.32s,-65d36m53.2s,              0.087,              0.068,              0.047,              0.035,              0.026,VisS  ,      ,          ,           ,    , 22.3I,          ,          ,Candidate HII       ,            ,            ,137
138,[MGS2007] J014130.16-653654.38,01h41m30.16s,-65d36m54.4s,              0.087,              0.068,              0.047,              0.035,              0.026,VisS  ,      ,          ,           ,    , 23.7I,          ,          ,Candidate HII       ,            ,            ,138
139,[MGS2007] J014130.15-653659.70,01h41m30.15s,-65d36m59.7s,              0.087,              0.068,              0.047,              0.035,              0.026,VisS  ,      ,          ,           ,    , 23.8I,          ,          ,Candidate HII       ,            ,            ,139
140,[MGS2007] J014131.52-653700.55,01h41m31.52s,-65d37m00.5s,              0.087,              0.068,              0.047,              0.035,              0.026,VisS  ,      ,          ,           ,    , 24.2I,          ,          ,Candidate HII       ,            ,            ,140
141,[MGS2007] J014131.78-653658.93,01h41m31.78s,-65d36m58.9s,              0.087,              0.068,              0.047,              0.035,              0.026,VisS  ,      ,          ,           ,    , 23.2I,          ,          ,Candidate HII       ,            ,            ,141
142,[MGS2007] J014131.79-653651.03,01h41m31.79s,-65d36m51.0s,              0.087,              0.068,              0.047,              0.035,              0.026,VisS  ,      ,          ,           ,    , 21.6I,          ,          ,Candidate HII       ,            ,            ,142
143,[MGS2007] J014129.50-653652.78,01h41m29.50s,-65d36m52.8s,              0.087,              0.068,              0.047,              0.035,              0.026,VisS  ,      ,          ,           ,    , 24.1I,          ,          ,Candidate HII       ,            ,            ,143
144,[MGS2007] J014129.56-653701.17,01h41m29.56s,-65d37m01.2s,              0.087,              0.068,              0.047,              0.035,              0.026,VisS  ,      ,          ,           ,    , 24.4I,          ,          ,Candidate HII       ,            ,            ,144
145,ESO 325- G 045                ,14h03m08.54s,-38d28m31.2s,              0.465,              0.363,              0.251,              0.186,              0.139,G     ,  5349,  0.017842,   0.000183,    , 14.29,       1.2,       0.9,SB(s)d              ,            ,            ,145
146,NGC 3449                      ,10h52m53.66s,-32d55m39.4s,              0.323,              0.252,              0.174,              0.130,              0.096,G     ,  3274,  0.010921,   0.000020,    , 12.19,       3.3,       1.0,SA(s)ab:            ,       33.32,       46.34,146
147,NGC 3449 GROUP                ,10h52m53.70s,-32d55m39.0s,              0.323,              0.252,              0.174,              0.130,              0.096,GGroup,      ,          ,           ,    ,      ,          ,          ,                    ,            ,            ,147
148,NGC 2906                      ,09h32m06.22s,+08d26m30.4s,              0.200,              0.156,              0.108,              0.080,              0.060,G     ,  2140,  0.007138,   0.000020,    , 13.40,       1.4,       0.9,Scd:                ,       32.86,       38.10,148
149,GALEXASC J093206.34+082629.9  ,09h32m06.34s,+08d26m29.9s,              0.200,              0.156,              0.108,              0.080,              0.060,UvS   ,      ,          ,           ,    ,      ,          ,          ,                    ,            ,            ,149
150,ESO 362- G 018                ,05h19m35.80s,-32d39m27.3s,              0.072,              0.056,              0.039,              0.029,              0.022,G     ,  3731,  0.012445,   0.000033,    ,  12.5,       1.2,       0.8,S0/a           Sy1.5,            ,            ,150
151,APMUKS(BJ) B051744.12-324223.3,05h19m35.68s,-32d39m23.4s,              0.072,              0.056,              0.039,              0.029,              0.022,G     ,      ,          ,           ,    , 14.94,      0.85,      0.55,                    ,            ,            ,151
152,NGC 6754                      ,19h11m25.72s,-50d38m30.5s,              0.297,              0.231,              0.160,              0.119,              0.088,G     ,  3257,  0.010864,   0.000033,    , 12.89,       1.9,       0.9,SAB(rs)bc           ,       33.11,       41.98,152
153,GALEXASC J191125.32-503831.0  ,19h11m25.33s,-50d38m31.0s,              0.297,              0.231,              0.160,              0.119,              0.088,UvS   ,      ,          ,           ,    ,      ,          ,          ,                    ,            ,            ,153
154,SN 2000do                     ,19h11m26.19s,-50d38m24.5s,              0.297,              0.231,              0.160,              0.119,              0.088,SN    ,      ,          ,           ,    ,      ,          ,          ,Ia                  ,            ,            ,154
155,NGC 7742                      ,23h44m15.73s,+10d46m01.5s,              0.234,              0.182,              0.126,              0.094,              0.070,G     ,  1663,  0.005547,   0.000003,    , 12.35,       1.7,       1.7,SA(r)b;LINER   HII  ,       32.91,       44.10,155
156,GALEXASC J234416.00+104559.6  ,23h44m16.00s,+10d45m59.7s,              0.234,              0.182,              0.126,              0.094,              0.070,UvS   ,      ,          ,           ,    ,      ,          ,          ,                    ,            ,            ,156
157,NGC 7742:[LB2005] X01         ,23h44m15.34s,+10d46m07.2s,              0.234,              0.182,              0.126,              0.094,              0.070,XrayS ,      ,          ,           ,    ,      ,          ,          ,                    ,            ,            ,157
158,IC 1158                       ,16h01m34.08s,+01d42m28.2s,              0.483,              0.376,              0.260,              0.193,              0.144,G     ,  1927,  0.006428,   0.000020,    , 12.8B,       2.5,       1.7,SAB(r)c:            ,       32.48,       32.22,158
159,GALEXASC J160134.32+014224.3  ,16h01m34.33s,+01d42m24.4s,              0.483,              0.376,              0.260,              0.194,              0.144,UvS   ,      ,          ,           ,    ,      ,          ,          ,                    ,            ,            ,159
160,NGC 7469                      ,23h03m15.62s,+08d52m26.4s,              0.291,              0.227,              0.157,              0.117,              0.087,G     ,  4892,  0.016317,   0.000007,    ,  13.0,       1.5,       1.1,(R')SAB(rs)a   Sy1.2,       34.07,       67.39,160
161,NGC 7469:[CAT2001a] R3        ,23h03m15.52s,+08d52m25.1s,              0.291,              0.227,              0.157,              0.117,              0.087,RadioS,      ,          ,           ,    ,      ,          ,          ,                    ,            ,            ,161
162,NGC 7469:[CAT2001a] R1        ,23h03m15.58s,+08d52m27.5s,              0.291,              0.227,              0.157,              0.117,              0.087,RadioS,      ,          ,           ,    ,      ,          ,          ,                    ,            ,            ,162
163,SN 2000ft                     ,23h03m15.50s,+08d52m26.5s,              0.291,              0.227,              0.157,              0.117,              0.087,SN    ,      ,          ,           ,    ,      ,          ,          ,radio SN            ,            ,            ,163
164,NGC 7469:[CAT2001a] R2        ,23h03m15.68s,+08d52m27.1s,              0.291,              0.227,              0.157,              0.117,              0.087,RadioS,      ,          ,           ,    ,      ,          ,          ,                    ,            ,            ,164
165,GALEXASC J230315.67+085230.4  ,23h03m15.68s,+08d52m30.5s,              0.291,              0.227,              0.157,              0.117,              0.087,UvS   ,      ,          ,           ,    ,      ,          ,          ,                    ,            ,            ,165
166,NGC 7469:[EKS96] 012          ,23h03m15.61s,+08d52m18.7s,              0.292,              0.227,              0.157,              0.117,              0.087,HII   ,      ,          ,           ,    ,      ,          ,          ,                    ,            ,            ,166
167,NGC 7469:[EKS96] 007          ,23h03m15.05s,+08d52m27.7s,              0.291,              0.227,              0.157,              0.117,              0.087,HII   ,      ,          ,           ,    ,      ,          ,          ,                    ,            ,            ,167
168,NGC 7469:[EKS96] 015          ,23h03m16.24s,+08d52m24.2s,              0.291,              0.227,              0.157,              0.117,              0.087,HII   ,      ,          ,           ,    ,      ,          ,          ,                    ,            ,            ,168
169,NGC 7469:[EKS96] 006          ,23h03m15.03s,+08d52m30.8s,              0.291,              0.227,              0.157,              0.117,              0.087,HII   ,      ,          ,           ,    ,      ,          ,          ,                    ,            ,            ,169
